metric,value
AUC,0.7188027090934151
Accuracy,0.9200753796696597
